Workbook

Sheet Summary
A6: International trade of EU and non-EU countries since 2002 by CPA 2.2 [ds-059366__custom_22763107]
A7: Open product page | B7: Open in Data Browser
A8: Description: | B8: -
A9: [ds-059366] International trade of EU and non-EU countries since 2002 by CPA 2.2
A10: Last update of data: | D10: 14/08/2026 11:00
A11: Last change of data structure: | D11: 14/08/2026 11:00
B13: Institutional source(s)
C14: Eurostat
B15: Contents | C15: PARTNER | D15: PRODUCT | E15: FLOW | F15: INDICATORS
B16: Sheet 1 | C16: Extra-EU | D16: TOTAL | E16: EXPORT | F16: VALUE_EUR
B17: Sheet 3 | C17: Extra-EU | D17: TOTAL | E17: EXPORT | F17: QUANTITY_KG
A18: CPA 2.2 261 | B18: Sheet 4 | C18: Extra-EU | D18: Electronic components and boards | E18: EXPORT | F18: VALUE_EUR
B19: Sheet 6 | C19: Extra-EU | D19: Electronic components and boards | E19: EXPORT | F19: QUANTITY_KG
A20: CPA 2.2 262 | B20: Sheet 7 | C20: Extra-EU | D20: Computers and peripheral equipment | E20: EXPORT | F20: VALUE_EUR
B21: Sheet 9 | C21: Extra-EU | D21: Computers and peripheral equipment | E21: EXPORT | F21: QUANTITY_KG
A22: CPA 2.2 2899 | B22: Sheet 10 | C22: Extra-EU | D22: Other special-purpose machinery n.e.c. | E22: EXPORT | F22: VALUE_EUR
B23: Sheet 12 | C23: Extra-EU | D23: Other special-purpose machinery n.e.c. | E23: EXPORT | F23: QUANTITY_KG
B24: Sheet 13 | C24: Intra-EU | D24: TOTAL | E24: EXPORT | F24: VALUE_EUR
B25: Sheet 15 | C25: Intra-EU | D25: TOTAL | E25: EXPORT | F25: QUANTITY_KG
B26: Sheet 16 | C26: Intra-EU | D26: Electronic components and boards | E26: EXPORT | F26: VALUE_EUR
B27: Sheet 18 | C27: Intra-EU | D27: Electronic components and boards | E27: EXPORT | F27: QUANTITY_KG
B28: Sheet 19 | C28: Intra-EU | D28: Computers and peripheral equipment | E28: EXPORT | F28: VALUE_EUR
B29: Sheet 21 | C29: Intra-EU | D29: Computers and peripheral equipment | E29: EXPORT | F29: QUANTITY_KG
B30: Sheet 22 | C30: Intra-EU | D30: Other special-purpose machinery n.e.c. | E30: EXPORT | F30: VALUE_EUR
B31: Sheet 24 | C31: Intra-EU | D31: Other special-purpose machinery n.e.c. | E31: EXPORT | F31: QUANTITY_KG

Sheet Total
A1: TIME | D1: 2002 | E1: 2003 | F1: 2004 | G1: 2005 | H1: 2006 | I1: 2007 | J1: 2008 | K1: 2009 | L1: 2010 | M1: 2011 | N1: 2012 | O1: 2013 | P1: 2014 | Q1: 2015 | R1: 2016 | S1: 2017 | T1: 2018 | U1: 2019 | V1: 2020 | W1: 2021 | X1: 2022 | Y1: 2023 | Z1: 2024 | AA1: 2025
A2: FREQ (Labels) | D2: Annual | E2: Annual | F2: Annual | G2: Annual | H2: Annual | I2: Annual | J2: Annual | K2: Annual | L2: Annual | M2: Annual | N2: Annual | O2: Annual | P2: Annual | Q2: Annual | R2: Annual | S2: Annual | T2: Annual | U2: Annual | V2: Annual | W2: Annual | X2: Annual | Y2: Annual | Z2: Annual | AA2: Annual
A3: Netherlands
A4: TOTAL | B4: EXPORT | C4: VALUE_EUR | D4: ='Sheet 1'!B17 -> 258099027139 | E4: ='Sheet 1'!C17 -> 261679875131 | F4: ='Sheet 1'!D17 -> 287335881762 | G4: ='Sheet 1'!E17 -> 326639698414 | H4: ='Sheet 1'!F17 -> 369249324376 | I4: ='Sheet 1'!G17 -> 401900754138 | J4: ='Sheet 1'!H17 -> 433721726540 | K4: ='Sheet 1'!I17 -> 356962270485 | ... AA4: ='Sheet 1'!Y17 -> 875641064742
A5: TOTAL | B5: EXPORT | C5: QUANTITY_KG | D5: ='Sheet 3'!B17 -> 273108785700 | E5: ='Sheet 3'!C17 -> 272417963200 | F5: ='Sheet 3'!D17 -> 302175068000 | G5: ='Sheet 3'!E17 -> 316842065400 | H5: ='Sheet 3'!F17 -> 334127640300 | I5: ='Sheet 3'!G17 -> 357883915100 | J5: ='Sheet 3'!H17 -> 294504360900 | K5: ='Sheet 3'!I17 -> 323606368900 | ... AA5: ='Sheet 3'!Y17 -> 426777733096
A6: Electronic components and boards | B6: EXPORT | C6: VALUE_EUR | D6: ='Sheet 4'!B17 -> 9435020402 | E6: ='Sheet 4'!C17 -> 10182146574 | F6: ='Sheet 4'!D17 -> 12552713030 | G6: ='Sheet 4'!E17 -> 12455552864 | H6: ='Sheet 4'!F17 -> 11070774410 | I6: ='Sheet 4'!G17 -> 7895012895 | J6: ='Sheet 4'!H17 -> 7133178685 | K6: ='Sheet 4'!I17 -> 6460941415 | ... AA6: ='Sheet 4'!Y17 -> 17907841364
A7: Electronic components and boards | B7: EXPORT | C7: QUANTITY_KG | D7: ='Sheet 6'!B17 -> 50659900 | E7: ='Sheet 6'!C17 -> 98001400 | F7: ='Sheet 6'!D17 -> 132978200 | G7: ='Sheet 6'!E17 -> 100153700 | H7: ='Sheet 6'!F17 -> 105549500 | I7: ='Sheet 6'!G17 -> 53511000 | J7: ='Sheet 6'!H17 -> 57040800 | K7: ='Sheet 6'!I17 -> 106476300 | ... AA7: ='Sheet 6'!Y17 -> 1300638694
A8: Computers and peripheral equipment | B8: EXPORT | C8: VALUE_EUR | D8: ='Sheet 7'!B17 -> 27230568273 | E8: ='Sheet 7'!C17 -> 26082566660 | F8: ='Sheet 7'!D17 -> 28515269795 | G8: ='Sheet 7'!E17 -> 35774296473 | H8: ='Sheet 7'!F17 -> 39542747455 | I8: ='Sheet 7'!G17 -> 30870763573 | J8: ='Sheet 7'!H17 -> 28292858483 | K8: ='Sheet 7'!I17 -> 27252368859 | ... AA8: ='Sheet 7'!Y17 -> 57393096160
A9: Computers and peripheral equipment | B9: EXPORT | C9: QUANTITY_KG | D9: ='Sheet 9'!B17 -> 586903800 | E9: ='Sheet 9'!C17 -> 689276100 | F9: ='Sheet 9'!D17 -> 1363067900 | G9: ='Sheet 9'!E17 -> 5232194100 | H9: ='Sheet 9'!F17 -> 975851500 | I9: ='Sheet 9'!G17 -> 589229100 | J9: ='Sheet 9'!H17 -> 223566600 | K9: ='Sheet 9'!I17 -> 620211100 | ... AA9: ='Sheet 9'!Y17 -> 721000818
A10: Other special-purpose machinery | B10: EXPORT | C10: VALUE_EUR | D10: ='Sheet 10'!B17 -> 1177048822 | E10: ='Sheet 10'!C17 -> 1182359296 | F10: ='Sheet 10'!D17 -> 1250073327 | G10: ='Sheet 10'!E17 -> 1359823875 | H10: ='Sheet 10'!F17 -> 1176945571 | I10: ='Sheet 10'!G17 -> 5973971411 | J10: ='Sheet 10'!H17 -> 5233096870 | K10: ='Sheet 10'!I17 -> 3374954356 | ... AA10: ='Sheet 10'!Y17 -> 29143742145
A11: Other special-purpose machinery n.e.c. | B11: EXPORT | C11: QUANTITY_KG | D11: ='Sheet 12'!B17 -> 52710000 | E11: ='Sheet 12'!C17 -> 62281300 | F11: ='Sheet 12'!D17 -> 71095900 | G11: ='Sheet 12'!E17 -> 60858600 | H11: ='Sheet 12'!F17 -> 397917000 | I11: ='Sheet 12'!G17 -> 1400277800 | J11: ='Sheet 12'!H17 -> 94715600 | K11: ='Sheet 12'!I17 -> 1171373200 | ... AA11: ='Sheet 12'!Y17 -> 229917199
A13: exp_tech_2_cp | C13: VALUE_EUR | D13: =D6+D8 -> 36665588675 | E13: =E6+E8 -> 36264713234 | F13: =F6+F8 -> 41067982825 | G13: =G6+G8 -> 48229849337 | H13: =H6+H8 -> 50613521865 | I13: =I6+I8 -> 38765776468 | J13: =J6+J8 -> 35426037168 | K13: =K6+K8 -> 33713310274 | ... AA13: =AA6+AA8 -> 75300937524
A14: exp_tech_3_cp | C14: VALUE_EUR | D14: =D6+D8+D10 -> 37842637497 | E14: =E6+E8+E10 -> 37447072530 | F14: =F6+F8+F10 -> 42318056152 | G14: =G6+G8+G10 -> 49589673212 | H14: =H6+H8+H10 -> 51790467436 | I14: =I6+I8+I10 -> 44739747879 | J14: =J6+J8+J10 -> 40659134038 | K14: =K6+K8+K10 -> 37088264630 | ... AA14: =AA6+AA8+AA10 -> 104444679669
A16: exp_tech_2_cp | C16: QUANTITY_KG | D16: =D7+D9 -> 637563700 | E16: =E7+E9 -> 787277500 | F16: =F7+F9 -> 1496046100 | G16: =G7+G9 -> 5332347800 | H16: =H7+H9 -> 1081401000 | I16: =I7+I9 -> 642740100 | J16: =J7+J9 -> 280607400 | K16: =K7+K9 -> 726687400 | ... AA16: =AA7+AA9 -> 2021639512
A17: exp_tech_3_cp | C17: QUANTITY_KG | D17: =D7+D9+D11 -> 690273700 | E17: =E7+E9+E11 -> 849558800 | F17: =F7+F9+F11 -> 1567142000 | G17: =G7+G9+G11 -> 5393206400 | H17: =H7+H9+H11 -> 1479318000 | I17: =I7+I9+I11 -> 2043017900 | J17: =J7+J9+J11 -> 375323000 | K17: =K7+K9+K11 -> 1898060600 | ... AA17: =AA7+AA9+AA11 -> 2251556711
A19: exp_tech_2_cp | C19: % yoy, volume | E19: =E16/D16-1 -> 0.23482171 | F19: =F16/E16-1 -> 0.90027798 | G19: =G16/F16-1 -> 2.5642938 | H19: =H16/G16-1 -> -0.79719984 | I19: =I16/H16-1 -> -0.40564129 | J19: =J16/I16-1 -> -0.56342011 | K19: =K16/J16-1 -> 1.5896944 | L19: =L16/K16-1 -> 0.11874595 | ... AA19: =AA16/Z16-1 -> -0.0098165305
A20: exp_tech_3_cp | C20: % yoy, volume | E20: =E17/D17-1 -> 0.23075644 | F20: =F17/E17-1 -> 0.84465395 | G20: =G17/F17-1 -> 2.441428 | H20: =H17/G17-1 -> -0.72570714 | I20: =I17/H17-1 -> 0.3810539 | J20: =J17/I17-1 -> -0.81628991 | K20: =K17/J17-1 -> 4.0571391 | L20: =L17/K17-1 -> -0.48139682 | ... AA20: =AA17/Z17-1 -> 0.01784152
A22: exp_tech_2_cp | C22: % total X value | D22: =D13/D4 -> 0.14206016 | E22: =E13/E4 -> 0.13858427 | F22: =F13/F4 -> 0.14292675 | G22: =G13/G4 -> 0.14765459 | H22: =H13/H4 -> 0.1370714 | I22: =I13/I4 -> 0.096456093 | J22: =J13/J4 -> 0.081679185 | K22: =K13/K4 -> 0.094445024 | ... AA22: =AA13/AA4 -> 0.08599521
A23: exp_tech_3_cp | C23: % total X value | D23: =D14/D4 -> 0.14662061 | E23: =E14/E4 -> 0.14310261 | F23: =F14/F4 -> 0.14727731 | G23: =G14/G4 -> 0.15181766 | H23: =H14/H4 -> 0.1402588 | I23: =I14/I4 -> 0.11132039 | J23: =J14/J4 -> 0.093744748 | K23: =K14/K4 -> 0.10389968 | ... AA23: =AA14/AA4 -> 0.11927796
A24: Other special-purpose machinery n.e.c. | C24: % total X value | D24: =D23-D22 -> 0.0045604543 | E24: =E23-E22 -> 0.0045183425 | F24: =F23-F22 -> 0.0043505646 | G24: =G23-G22 -> 0.0041630698 | H24: =H23-H22 -> 0.0031874007 | I24: =I23-I22 -> 0.014864295 | J24: =J23-J22 -> 0.012065563 | K24: =K23-K22 -> 0.0094546529 | ... AA24: =AA23-AA22 -> 0.033282749

Sheet Sheet 1
A1: Data extracted on 12/09/2026 14:16:03 from [ESTAT]
A2: Dataset: | B2: International trade of EU and non-EU countries since 2002 by CPA 2.2 [ds-059366__custom_22763107]
A3: Last updated: | B3: 14/08/2026 11:00
A5: PARTNER | C5: Extra-EU
A6: PRODUCT | C6: TOTAL
A7: FLOW | C7: EXPORT
A8: INDICATORS | C8: VALUE_EUR
A10: TIME | B10: 2002 | C10: 2003 | D10: 2004 | E10: 2005 | F10: 2006 | G10: 2007 | H10: 2008 | I10: 2009 | J10: 2010 | K10: 2011 | L10: 2012 | M10: 2013 | N10: 2014 | O10: 2015 | P10: 2016 | Q10: 2017 | R10: 2018 | S10: 2019 | T10: 2020 | U10: 2021 | V10: 2022 | W10: 2023 | X10: 2024 | Y10: 2025
A11: FREQ (Labels) | B11: Annual | C11: Annual | D11: Annual | E11: Annual | F11: Annual | G11: Annual | H11: Annual | I11: Annual | J11: Annual | K11: Annual | L11: Annual | M11: Annual | N11: Annual | O11: Annual | P11: Annual | Q11: Annual | R11: Annual | S11: Annual | T11: Annual | U11: Annual | V11: Annual | W11: Annual | X11: Annual | Y11: Annual
A12: REPORTER (Labels)
A13: Netherlands | B13: 58716507767 | C13: 59807378735 | D13: 61454816769 | E13: 67140881603 | F13: 78615883497 | G13: 88245928197 | H13: 91371696416 | I13: 80735607820 | J13: 98741417939 | K13: 110231104346 | L13: 124199986499 | M13: 123305372452 | N13: 122108717858 | O13: 124664608633 | P13: 123440793995 | Q13: 142747926675 | R13: 158544656907 | S13: 167976814663 | T13: 198000036124 | U13: 217449251623 | V13: 263139934599 | W13: 261362243303 | X13: 263059183515 | Y13: 270789200749
A15: Special value
A17: World | B17: =B13+'Sheet 13'!B13 -> 258099027139 | C17: =C13+'Sheet 13'!C13 -> 261679875131 | D17: =D13+'Sheet 13'!D13 -> 287335881762 | E17: =E13+'Sheet 13'!E13 -> 326639698414 | F17: =F13+'Sheet 13'!F13 -> 369249324376 | G17: =G13+'Sheet 13'!G13 -> 401900754138 | H17: =H13+'Sheet 13'!H13 -> 433721726540 | I17: =I13+'Sheet 13'!I13 -> 356962270485 | ... Y17: =Y13+'Sheet 13'!Y13 -> 875641064742

Sheet Sheet 3
A1: Data extracted on 12/09/2026 14:16:03 from [ESTAT]
A2: Dataset: | B2: International trade of EU and non-EU countries since 2002 by CPA 2.2 [ds-059366__custom_22763107]
A3: Last updated: | B3: 14/08/2026 11:00
A5: PARTNER | C5: Extra-EU
A6: PRODUCT | C6: TOTAL
A7: FLOW | C7: EXPORT
A8: INDICATORS | C8: QUANTITY_KG
A10: TIME | B10: 2002 | C10: 2003 | D10: 2004 | E10: 2005 | F10: 2006 | G10: 2007 | H10: 2008 | I10: 2009 | J10: 2010 | K10: 2011 | L10: 2012 | M10: 2013 | N10: 2014 | O10: 2015 | P10: 2016 | Q10: 2017 | R10: 2018 | S10: 2019 | T10: 2020 | U10: 2021 | V10: 2022 | W10: 2023 | X10: 2024 | Y10: 2025
A11: FREQ (Labels) | B11: Annual | C11: Annual | D11: Annual | E11: Annual | F11: Annual | G11: Annual | H11: Annual | I11: Annual | J11: Annual | K11: Annual | L11: Annual | M11: Annual | N11: Annual | O11: Annual | P11: Annual | Q11: Annual | R11: Annual | S11: Annual | T11: Annual | U11: Annual | V11: Annual | W11: Annual | X11: Annual | Y11: Annual
A12: REPORTER (Labels)
A13: Netherlands | B13: 39236615000 | C13: 40896091000 | D13: 43366678100 | E13: 45207875500 | F13: 49815425400 | G13: 55458734800 | H13: 56082570500 | I13: 60859147700 | J13: 62466210773 | K13: 60448145057 | L13: 68707781350 | M13: 74939801442 | N13: 71379018698 | O13: 71791332259 | P13: 87252434992 | Q13: 96942684607 | R13: 93500295314 | S13: 91574314396 | T13: 102558460516 | U13: 121193365555 | V13: 93820811227 | W13: 86296701878 | X13: 82101441576 | Y13: 80808625777
A15: Special value
A17: World | B17: =B13+'Sheet 15'!B13 -> 273108785700 | C17: =C13+'Sheet 15'!C13 -> 272417963200 | D17: =D13+'Sheet 15'!D13 -> 302175068000 | E17: =E13+'Sheet 15'!E13 -> 316842065400 | F17: =F13+'Sheet 15'!F13 -> 334127640300 | G17: =G13+'Sheet 15'!G13 -> 357883915100 | H17: =H13+'Sheet 15'!H13 -> 294504360900 | I17: =I13+'Sheet 15'!I13 -> 323606368900 | ... Y17: =Y13+'Sheet 15'!Y13 -> 426777733096

Sheet Sheet 4
A1: Data extracted on 12/09/2026 14:16:03 from [ESTAT]
A2: Dataset: | B2: International trade of EU and non-EU countries since 2002 by CPA 2.2 [ds-059366__custom_22763107]
A3: Last updated: | B3: 14/08/2026 11:00
A5: PARTNER | C5: Extra-EU
A6: PRODUCT | C6: Electronic components and boards
A7: FLOW | C7: EXPORT
A8: INDICATORS | C8: VALUE_EUR
A10: TIME | B10: 2002 | C10: 2003 | D10: 2004 | E10: 2005 | F10: 2006 | G10: 2007 | H10: 2008 | I10: 2009 | J10: 2010 | K10: 2011 | L10: 2012 | M10: 2013 | N10: 2014 | O10: 2015 | P10: 2016 | Q10: 2017 | R10: 2018 | S10: 2019 | T10: 2020 | U10: 2021 | V10: 2022 | W10: 2023 | X10: 2024 | Y10: 2025
A11: FREQ (Labels) | B11: Annual | C11: Annual | D11: Annual | E11: Annual | F11: Annual | G11: Annual | H11: Annual | I11: Annual | J11: Annual | K11: Annual | L11: Annual | M11: Annual | N11: Annual | O11: Annual | P11: Annual | Q11: Annual | R11: Annual | S11: Annual | T11: Annual | U11: Annual | V11: Annual | W11: Annual | X11: Annual | Y11: Annual
A12: REPORTER (Labels)
A13: Netherlands | B13: 2063978261 | C13: 2317325221 | D13: 3207053821 | E13: 2625799426 | F13: 2726038234 | G13: 1094343164 | H13: 785225173 | I13: 765740650 | J13: 928868740 | K13: 662941367 | L13: 905832070 | M13: 935798465 | N13: 1091904971 | O13: 1381948528 | P13: 1378012559 | Q13: 2266430163 | R13: 2526042974 | S13: 2834686989 | T13: 3647533391 | U13: 4387251023 | V13: 5944661774 | W13: 5676913895 | X13: 4518248417 | Y13: 4824619783
A15: Special value
A17: World | B17: =B13+'Sheet 16'!B13 -> 9435020402 | C17: =C13+'Sheet 16'!C13 -> 10182146574 | D17: =D13+'Sheet 16'!D13 -> 12552713030 | E17: =E13+'Sheet 16'!E13 -> 12455552864 | F17: =F13+'Sheet 16'!F13 -> 11070774410 | G17: =G13+'Sheet 16'!G13 -> 7895012895 | H17: =H13+'Sheet 16'!H13 -> 7133178685 | I17: =I13+'Sheet 16'!I13 -> 6460941415 | ... Y17: =Y13+'Sheet 16'!Y13 -> 17907841364

Sheet Sheet 6
A1: Data extracted on 12/09/2026 14:16:03 from [ESTAT]
A2: Dataset: | B2: International trade of EU and non-EU countries since 2002 by CPA 2.2 [ds-059366__custom_22763107]
A3: Last updated: | B3: 14/08/2026 11:00
A5: PARTNER | C5: Extra-EU
A6: PRODUCT | C6: Electronic components and boards
A7: FLOW | C7: EXPORT
A8: INDICATORS | C8: QUANTITY_KG
A10: TIME | B10: 2002 | C10: 2003 | D10: 2004 | E10: 2005 | F10: 2006 | G10: 2007 | H10: 2008 | I10: 2009 | J10: 2010 | K10: 2011 | L10: 2012 | M10: 2013 | N10: 2014 | O10: 2015 | P10: 2016 | Q10: 2017 | R10: 2018 | S10: 2019 | T10: 2020 | U10: 2021 | V10: 2022 | W10: 2023 | X10: 2024 | Y10: 2025
A11: FREQ (Labels) | B11: Annual | C11: Annual | D11: Annual | E11: Annual | F11: Annual | G11: Annual | H11: Annual | I11: Annual | J11: Annual | K11: Annual | L11: Annual | M11: Annual | N11: Annual | O11: Annual | P11: Annual | Q11: Annual | R11: Annual | S11: Annual | T11: Annual | U11: Annual | V11: Annual | W11: Annual | X11: Annual | Y11: Annual
A12: REPORTER (Labels)
A13: Netherlands | B13: 21600900 | C13: 60771500 | D13: 75128700 | E13: 31023300 | F13: 27365500 | G13: 3997800 | H13: 2943700 | I13: 2631000 | J13: 3931980 | K13: 3155739 | L13: 6561386 | M13: 5314206 | N13: 4065172 | O13: 7501158 | P13: 5430089 | Q13: 15713018 | R13: 8183429 | S13: 9926389 | T13: 40347488 | U13: 26111619 | V13: 65791795 | W13: 83450220 | X13: 104508836 | Y13: 98863035
A15: Special value
A17: World | B17: =B13+'Sheet 18'!B13 -> 50659900 | C17: =C13+'Sheet 18'!C13 -> 98001400 | D17: =D13+'Sheet 18'!D13 -> 132978200 | E17: =E13+'Sheet 18'!E13 -> 100153700 | F17: =F13+'Sheet 18'!F13 -> 105549500 | G17: =G13+'Sheet 18'!G13 -> 53511000 | H17: =H13+'Sheet 18'!H13 -> 57040800 | I17: =I13+'Sheet 18'!I13 -> 106476300 | ... Y17: =Y13+'Sheet 18'!Y13 -> 1300638694

Sheet Sheet 7
A1: Data extracted on 12/09/2026 14:16:03 from [ESTAT]
A2: Dataset: | B2: International trade of EU and non-EU countries since 2002 by CPA 2.2 [ds-059366__custom_22763107]
A3: Last updated: | B3: 14/08/2026 11:00
A5: PARTNER | C5: Extra-EU
A6: PRODUCT | C6: Computers and peripheral equipment
A7: FLOW | C7: EXPORT
A8: INDICATORS | C8: VALUE_EUR
A10: TIME | B10: 2002 | C10: 2003 | D10: 2004 | E10: 2005 | F10: 2006 | G10: 2007 | H10: 2008 | I10: 2009 | J10: 2010 | K10: 2011 | L10: 2012 | M10: 2013 | N10: 2014 | O10: 2015 | P10: 2016 | Q10: 2017 | R10: 2018 | S10: 2019 | T10: 2020 | U10: 2021 | V10: 2022 | W10: 2023 | X10: 2024 | Y10: 2025
A11: FREQ (Labels) | B11: Annual | C11: Annual | D11: Annual | E11: Annual | F11: Annual | G11: Annual | H11: Annual | I11: Annual | J11: Annual | K11: Annual | L11: Annual | M11: Annual | N11: Annual | O11: Annual | P11: Annual | Q11: Annual | R11: Annual | S11: Annual | T11: Annual | U11: Annual | V11: Annual | W11: Annual | X11: Annual | Y11: Annual
A12: REPORTER (Labels)
A13: Netherlands | B13: 5437196803 | C13: 5253748668 | D13: 4506560329 | E13: 6338652675 | F13: 6569131181 | G13: 6094342486 | H13: 5164047154 | I13: 4947465451 | J13: 5712991495 | K13: 5886655423 | L13: 6647259752 | M13: 6191417025 | N13: 5508861290 | O13: 4556583541 | P13: 4694535728 | Q13: 4941116577 | R13: 5386991877 | S13: 5671282618 | T13: 9364094948 | U13: 8740654689 | V13: 10450470941 | W13: 14393577962 | X13: 11501395050 | Y13: 14356512036
A15: Special value
A17: World | B17: =B13+'Sheet 19'!B13 -> 27230568273 | C17: =C13+'Sheet 19'!C13 -> 26082566660 | D17: =D13+'Sheet 19'!D13 -> 28515269795 | E17: =E13+'Sheet 19'!E13 -> 35774296473 | F17: =F13+'Sheet 19'!F13 -> 39542747455 | G17: =G13+'Sheet 19'!G13 -> 30870763573 | H17: =H13+'Sheet 19'!H13 -> 28292858483 | I17: =I13+'Sheet 19'!I13 -> 27252368859 | ... Y17: =Y13+'Sheet 19'!Y13 -> 57393096160

Sheet Sheet 9
A1: Data extracted on 12/09/2026 14:16:03 from [ESTAT]
A2: Dataset: | B2: International trade of EU and non-EU countries since 2002 by CPA 2.2 [ds-059366__custom_22763107]
A3: Last updated: | B3: 14/08/2026 11:00
A5: PARTNER | C5: Extra-EU
A6: PRODUCT | C6: Computers and peripheral equipment
A7: FLOW | C7: EXPORT
A8: INDICATORS | C8: QUANTITY_KG
A10: TIME | B10: 2002 | C10: 2003 | D10: 2004 | E10: 2005 | F10: 2006 | G10: 2007 | H10: 2008 | I10: 2009 | J10: 2010 | K10: 2011 | L10: 2012 | M10: 2013 | N10: 2014 | O10: 2015 | P10: 2016 | Q10: 2017 | R10: 2018 | S10: 2019 | T10: 2020 | U10: 2021 | V10: 2022 | W10: 2023 | X10: 2024 | Y10: 2025
A11: FREQ (Labels) | B11: Annual | C11: Annual | D11: Annual | E11: Annual | F11: Annual | G11: Annual | H11: Annual | I11: Annual | J11: Annual | K11: Annual | L11: Annual | M11: Annual | N11: Annual | O11: Annual | P11: Annual | Q11: Annual | R11: Annual | S11: Annual | T11: Annual | U11: Annual | V11: Annual | W11: Annual | X11: Annual | Y11: Annual
A12: REPORTER (Labels)
A13: Netherlands | B13: 143834600 | C13: 226071400 | D13: 215397800 | E13: 153058000 | F13: 160112600 | G13: 127974100 | H13: 145449100 | I13: 119930300 | J13: 93413339 | K13: 92218694 | L13: 82239769 | M13: 85357152 | N13: 67131235 | O13: 49638885 | P13: 50050928 | Q13: 52863257 | R13: 57516978 | S13: 60420380 | T13: 109809057 | U13: 97636832 | V13: 88872751 | W13: 133019657 | X13: 81214469 | Y13: 91620921
A15: Special value
A17: World | B17: =B13+'Sheet 21'!B13 -> 586903800 | C17: =C13+'Sheet 21'!C13 -> 689276100 | D17: =D13+'Sheet 21'!D13 -> 1363067900 | E17: =E13+'Sheet 21'!E13 -> 5232194100 | F17: =F13+'Sheet 21'!F13 -> 975851500 | G17: =G13+'Sheet 21'!G13 -> 589229100 | H17: =H13+'Sheet 21'!H13 -> 223566600 | I17: =I13+'Sheet 21'!I13 -> 620211100 | ... Y17: =Y13+'Sheet 21'!Y13 -> 721000818

Sheet Sheet 10
A1: Data extracted on 12/09/2026 14:16:03 from [ESTAT]
A2: Dataset: | B2: International trade of EU and non-EU countries since 2002 by CPA 2.2 [ds-059366__custom_22763107]
A3: Last updated: | B3: 14/08/2026 11:00
A5: PARTNER | C5: Extra-EU
A6: PRODUCT | C6: Other special-purpose machinery n.e.c.
A7: FLOW | C7: EXPORT
A8: INDICATORS | C8: VALUE_EUR
A10: TIME | B10: 2002 | C10: 2003 | D10: 2004 | E10: 2005 | F10: 2006 | G10: 2007 | H10: 2008 | I10: 2009 | J10: 2010 | K10: 2011 | L10: 2012 | M10: 2013 | N10: 2014 | O10: 2015 | P10: 2016 | Q10: 2017 | R10: 2018 | S10: 2019 | T10: 2020 | U10: 2021 | V10: 2022 | W10: 2023 | X10: 2024 | Y10: 2025
A11: FREQ (Labels) | B11: Annual | C11: Annual | D11: Annual | E11: Annual | F11: Annual | G11: Annual | H11: Annual | I11: Annual | J11: Annual | K11: Annual | L11: Annual | M11: Annual | N11: Annual | O11: Annual | P11: Annual | Q11: Annual | R11: Annual | S11: Annual | T11: Annual | U11: Annual | V11: Annual | W11: Annual | X11: Annual | Y11: Annual
A12: REPORTER (Labels)
A13: Netherlands | B13: 624433898 | C13: 564062306 | D13: 673717659 | E13: 655897468 | F13: 488022380 | G13: 4504308187 | H13: 3800938242 | I13: 2351927206 | J13: 5620652688 | K13: 7233304972 | L13: 5406747802 | M13: 5818406545 | N13: 6767908969 | O13: 6745010436 | P13: 6447350267 | Q13: 9362685613 | R13: 12406532970 | S13: 13244545674 | T13: 14157336327 | U13: 17954236146 | V13: 20845410182 | W13: 22124570153 | X13: 24468521225 | Y13: 26897802880
A15: Special value
A17: World | B17: =B13+'Sheet 22'!B13 -> 1177048822 | C17: =C13+'Sheet 22'!C13 -> 1182359296 | D17: =D13+'Sheet 22'!D13 -> 1250073327 | E17: =E13+'Sheet 22'!E13 -> 1359823875 | F17: =F13+'Sheet 22'!F13 -> 1176945571 | G17: =G13+'Sheet 22'!G13 -> 5973971411 | H17: =H13+'Sheet 22'!H13 -> 5233096870 | I17: =I13+'Sheet 22'!I13 -> 3374954356 | ... Y17: =Y13+'Sheet 22'!Y13 -> 29143742145

Sheet Sheet 12
A1: Data extracted on 12/09/2026 14:16:03 from [ESTAT]
A2: Dataset: | B2: International trade of EU and non-EU countries since 2002 by CPA 2.2 [ds-059366__custom_22763107]
A3: Last updated: | B3: 14/08/2026 11:00
A5: PARTNER | C5: Extra-EU
A6: PRODUCT | C6: Other special-purpose machinery n.e.c.
A7: FLOW | C7: EXPORT
A8: INDICATORS | C8: QUANTITY_KG
A10: TIME | B10: 2002 | C10: 2003 | D10: 2004 | E10: 2005 | F10: 2006 | G10: 2007 | H10: 2008 | I10: 2009 | J10: 2010 | K10: 2011 | L10: 2012 | M10: 2013 | N10: 2014 | O10: 2015 | P10: 2016 | Q10: 2017 | R10: 2018 | S10: 2019 | T10: 2020 | U10: 2021 | V10: 2022 | W10: 2023 | X10: 2024 | Y10: 2025
A11: FREQ (Labels) | B11: Annual | C11: Annual | D11: Annual | E11: Annual | F11: Annual | G11: Annual | H11: Annual | I11: Annual | J11: Annual | K11: Annual | L11: Annual | M11: Annual | N11: Annual | O11: Annual | P11: Annual | Q11: Annual | R11: Annual | S11: Annual | T11: Annual | U11: Annual | V11: Annual | W11: Annual | X11: Annual | Y11: Annual
A12: REPORTER (Labels)
A13: Netherlands | B13: 31241600 | C13: 37925000 | D13: 45383000 | E13: 32358100 | F13: 21695000 | G13: 45912500 | H13: 43895100 | I13: 48910600 | J13: 44664767 | K13: 44506379 | L13: 41076778 | M13: 102799320 | N13: 61828988 | O13: 143157582 | P13: 142042661 | Q13: 86586073 | R13: 103209341 | S13: 167318675 | T13: 146208286 | U13: 612307518 | V13: 49726219 | W13: 53216737 | X13: 49834107 | Y13: 62654675
A15: Special value
A17: World | B17: =B13+'Sheet 24'!B13 -> 52710000 | C17: =C13+'Sheet 24'!C13 -> 62281300 | D17: =D13+'Sheet 24'!D13 -> 71095900 | E17: =E13+'Sheet 24'!E13 -> 60858600 | F17: =F13+'Sheet 24'!F13 -> 397917000 | G17: =G13+'Sheet 24'!G13 -> 1400277800 | H17: =H13+'Sheet 24'!H13 -> 94715600 | I17: =I13+'Sheet 24'!I13 -> 1171373200 | ... Y17: =Y13+'Sheet 24'!Y13 -> 229917199

Sheet Sheet 13
A1: Data extracted on 12/09/2026 14:16:03 from [ESTAT]
A2: Dataset: | B2: International trade of EU and non-EU countries since 2002 by CPA 2.2 [ds-059366__custom_22763107]
A3: Last updated: | B3: 14/08/2026 11:00
A5: PARTNER | C5: Intra-EU
A6: PRODUCT | C6: TOTAL
A7: FLOW | C7: EXPORT
A8: INDICATORS | C8: VALUE_EUR
A10: TIME | B10: 2002 | C10: 2003 | D10: 2004 | E10: 2005 | F10: 2006 | G10: 2007 | H10: 2008 | I10: 2009 | J10: 2010 | K10: 2011 | L10: 2012 | M10: 2013 | N10: 2014 | O10: 2015 | P10: 2016 | Q10: 2017 | R10: 2018 | S10: 2019 | T10: 2020 | U10: 2021 | V10: 2022 | W10: 2023 | X10: 2024 | Y10: 2025
A11: FREQ (Labels) | B11: Annual | C11: Annual | D11: Annual | E11: Annual | F11: Annual | G11: Annual | H11: Annual | I11: Annual | J11: Annual | K11: Annual | L11: Annual | M11: Annual | N11: Annual | O11: Annual | P11: Annual | Q11: Annual | R11: Annual | S11: Annual | T11: Annual | U11: Annual | V11: Annual | W11: Annual | X11: Annual | Y11: Annual
A12: REPORTER (Labels)
A13: Netherlands | B13: 199382519372 | C13: 201872496396 | D13: 225881064993 | E13: 259498816811 | F13: 290633440879 | G13: 313654825941 | H13: 342350030124 | I13: 276226662665 | J13: 334431671818 | K13: 369008314302 | L13: 385897975736 | M13: 382346107513 | N13: 384230202917 | O13: 389644452367 | P13: 392493848427 | Q13: 434339147015 | R13: 457056028196 | S13: 465080129568 | T13: 392233117812 | U13: 493620595902 | V13: 654399995591 | W13: 603566624339 | X13: 587637597410 | Y13: 604851863993
A15: Special value
B16: not available

Sheet Sheet 15
A1: Data extracted on 12/09/2026 14:16:03 from [ESTAT]
A2: Dataset: | B2: International trade of EU and non-EU countries since 2002 by CPA 2.2 [ds-059366__custom_22763107]
A3: Last updated: | B3: 14/08/2026 11:00
A5: PARTNER | C5: Intra-EU
A6: PRODUCT | C6: TOTAL
A7: FLOW | C7: EXPORT
A8: INDICATORS | C8: QUANTITY_KG
A10: TIME | B10: 2002 | C10: 2003 | D10: 2004 | E10: 2005 | F10: 2006 | G10: 2007 | H10: 2008 | I10: 2009 | J10: 2010 | K10: 2011 | L10: 2012 | M10: 2013 | N10: 2014 | O10: 2015 | P10: 2016 | Q10: 2017 | R10: 2018 | S10: 2019 | T10: 2020 | U10: 2021 | V10: 2022 | W10: 2023 | X10: 2024 | Y10: 2025
A11: FREQ (Labels) | B11: Annual | C11: Annual | D11: Annual | E11: Annual | F11: Annual | G11: Annual | H11: Annual | I11: Annual | J11: Annual | K11: Annual | L11: Annual | M11: Annual | N11: Annual | O11: Annual | P11: Annual | Q11: Annual | R11: Annual | S11: Annual | T11: Annual | U11: Annual | V11: Annual | W11: Annual | X11: Annual | Y11: Annual
A12: REPORTER (Labels)
A13: Netherlands | B13: 233872170700 | C13: 231521872200 | D13: 258808389900 | E13: 271634189900 | F13: 284312214900 | G13: 302425180300 | H13: 238421790400 | I13: 262747221200 | J13: 309651900468 | K13: 326086105306 | L13: 367565223580 | M13: 356057671238 | N13: 345903381217 | O13: 310716090437 | P13: 336442565413 | Q13: 350918436995 | R13: 330638560786 | S13: 325582092451 | T13: 277267279017 | U13: 327545644072 | V13: 357252193448 | W13: 358202662748 | X13: 329604544977 | Y13: 345969107319
A15: Special value
B16: not available

Sheet Sheet 16
A1: Data extracted on 12/09/2026 14:16:03 from [ESTAT]
A2: Dataset: | B2: International trade of EU and non-EU countries since 2002 by CPA 2.2 [ds-059366__custom_22763107]
A3: Last updated: | B3: 14/08/2026 11:00
A5: PARTNER | C5: Intra-EU
A6: PRODUCT | C6: Electronic components and boards
A7: FLOW | C7: EXPORT
A8: INDICATORS | C8: VALUE_EUR
A10: TIME | B10: 2002 | C10: 2003 | D10: 2004 | E10: 2005 | F10: 2006 | G10: 2007 | H10: 2008 | I10: 2009 | J10: 2010 | K10: 2011 | L10: 2012 | M10: 2013 | N10: 2014 | O10: 2015 | P10: 2016 | Q10: 2017 | R10: 2018 | S10: 2019 | T10: 2020 | U10: 2021 | V10: 2022 | W10: 2023 | X10: 2024 | Y10: 2025
A11: FREQ (Labels) | B11: Annual | C11: Annual | D11: Annual | E11: Annual | F11: Annual | G11: Annual | H11: Annual | I11: Annual | J11: Annual | K11: Annual | L11: Annual | M11: Annual | N11: Annual | O11: Annual | P11: Annual | Q11: Annual | R11: Annual | S11: Annual | T11: Annual | U11: Annual | V11: Annual | W11: Annual | X11: Annual | Y11: Annual
A12: REPORTER (Labels)
A13: Netherlands | B13: 7371042141 | C13: 7864821353 | D13: 9345659209 | E13: 9829753438 | F13: 8344736176 | G13: 6800669731 | H13: 6347953512 | I13: 5695200765 | J13: 8909127161 | K13: 8604604035 | L13: 7485244611 | M13: 5586699271 | N13: 5640259711 | O13: 6417299532 | P13: 7102220651 | Q13: 11895712795 | R13: 12990231901 | S13: 13853179568 | T13: 12801360640 | U13: 14907739465 | V13: 21089618097 | W13: 19995827563 | X13: 15171683702 | Y13: 13083221581
A15: Special value
B16: not available

Sheet Sheet 18
A1: Data extracted on 12/09/2026 14:16:03 from [ESTAT]
A2: Dataset: | B2: International trade of EU and non-EU countries since 2002 by CPA 2.2 [ds-059366__custom_22763107]
A3: Last updated: | B3: 14/08/2026 11:00
A5: PARTNER | C5: Intra-EU
A6: PRODUCT | C6: Electronic components and boards
A7: FLOW | C7: EXPORT
A8: INDICATORS | C8: QUANTITY_KG
A10: TIME | B10: 2002 | C10: 2003 | D10: 2004 | E10: 2005 | F10: 2006 | G10: 2007 | H10: 2008 | I10: 2009 | J10: 2010 | K10: 2011 | L10: 2012 | M10: 2013 | N10: 2014 | O10: 2015 | P10: 2016 | Q10: 2017 | R10: 2018 | S10: 2019 | T10: 2020 | U10: 2021 | V10: 2022 | W10: 2023 | X10: 2024 | Y10: 2025
A11: FREQ (Labels) | B11: Annual | C11: Annual | D11: Annual | E11: Annual | F11: Annual | G11: Annual | H11: Annual | I11: Annual | J11: Annual | K11: Annual | L11: Annual | M11: Annual | N11: Annual | O11: Annual | P11: Annual | Q11: Annual | R11: Annual | S11: Annual | T11: Annual | U11: Annual | V11: Annual | W11: Annual | X11: Annual | Y11: Annual
A12: REPORTER (Labels)
A13: Netherlands | B13: 29059000 | C13: 37229900 | D13: 57849500 | E13: 69130400 | F13: 78184000 | G13: 49513200 | H13: 54097100 | I13: 103845300 | J13: 263333374 | K13: 363845294 | L13: 429976774 | M13: 243469375 | N13: 134197410 | O13: 153406335 | P13: 166032511 | Q13: 239247848 | R13: 303020826 | S13: 514717283 | T13: 620900384 | U13: 949945423 | V13: 1427662140 | W13: 1505920271 | X13: 1305904688 | Y13: 1201775659
A15: Special value
B16: not available

Sheet Sheet 19
A1: Data extracted on 12/09/2026 14:16:03 from [ESTAT]
A2: Dataset: | B2: International trade of EU and non-EU countries since 2002 by CPA 2.2 [ds-059366__custom_22763107]
A3: Last updated: | B3: 14/08/2026 11:00
A5: PARTNER | C5: Intra-EU
A6: PRODUCT | C6: Computers and peripheral equipment
A7: FLOW | C7: EXPORT
A8: INDICATORS | C8: VALUE_EUR
A10: TIME | B10: 2002 | C10: 2003 | D10: 2004 | E10: 2005 | F10: 2006 | G10: 2007 | H10: 2008 | I10: 2009 | J10: 2010 | K10: 2011 | L10: 2012 | M10: 2013 | N10: 2014 | O10: 2015 | P10: 2016 | Q10: 2017 | R10: 2018 | S10: 2019 | T10: 2020 | U10: 2021 | V10: 2022 | W10: 2023 | X10: 2024 | Y10: 2025
A11: FREQ (Labels) | B11: Annual | C11: Annual | D11: Annual | E11: Annual | F11: Annual | G11: Annual | H11: Annual | I11: Annual | J11: Annual | K11: Annual | L11: Annual | M11: Annual | N11: Annual | O11: Annual | P11: Annual | Q11: Annual | R11: Annual | S11: Annual | T11: Annual | U11: Annual | V11: Annual | W11: Annual | X11: Annual | Y11: Annual
A12: REPORTER (Labels)
A13: Netherlands | B13: 21793371470 | C13: 20828817992 | D13: 24008709466 | E13: 29435643798 | F13: 32973616274 | G13: 24776421087 | H13: 23128811329 | I13: 22304903408 | J13: 26201832797 | K13: 26444562862 | L13: 28055368299 | M13: 26890129356 | N13: 28113555895 | O13: 28253535503 | P13: 29836891486 | Q13: 28695052758 | R13: 30519084681 | S13: 30625378521 | T13: 30832793027 | U13: 35829825081 | V13: 38353576454 | W13: 33685927135 | X13: 38581043094 | Y13: 43036584124
A15: Special value
B16: not available

Sheet Sheet 21
A1: Data extracted on 12/09/2026 14:16:03 from [ESTAT]
A2: Dataset: | B2: International trade of EU and non-EU countries since 2002 by CPA 2.2 [ds-059366__custom_22763107]
A3: Last updated: | B3: 14/08/2026 11:00
A5: PARTNER | C5: Intra-EU
A6: PRODUCT | C6: Computers and peripheral equipment
A7: FLOW | C7: EXPORT
A8: INDICATORS | C8: QUANTITY_KG
A10: TIME | B10: 2002 | C10: 2003 | D10: 2004 | E10: 2005 | F10: 2006 | G10: 2007 | H10: 2008 | I10: 2009 | J10: 2010 | K10: 2011 | L10: 2012 | M10: 2013 | N10: 2014 | O10: 2015 | P10: 2016 | Q10: 2017 | R10: 2018 | S10: 2019 | T10: 2020 | U10: 2021 | V10: 2022 | W10: 2023 | X10: 2024 | Y10: 2025
A11: FREQ (Labels) | B11: Annual | C11: Annual | D11: Annual | E11: Annual | F11: Annual | G11: Annual | H11: Annual | I11: Annual | J11: Annual | K11: Annual | L11: Annual | M11: Annual | N11: Annual | O11: Annual | P11: Annual | Q11: Annual | R11: Annual | S11: Annual | T11: Annual | U11: Annual | V11: Annual | W11: Annual | X11: Annual | Y11: Annual
A12: REPORTER (Labels)
A13: Netherlands | B13: 443069200 | C13: 463204700 | D13: 1147670100 | E13: 5079136100 | F13: 815738900 | G13: 461255000 | H13: 78117500 | I13: 500280800 | J13: 452299895 | K13: 423731056 | L13: 336853289 | M13: 412592774 | N13: 466918292 | O13: 395234783 | P13: 413514241 | Q13: 433819943 | R13: 474895422 | S13: 488349191 | T13: 497933027 | U13: 557171138 | V13: 529455307 | W13: 509581133 | X13: 550053750 | Y13: 629379897
A15: Special value
B16: not available

Sheet Sheet 22
A1: Data extracted on 12/09/2026 14:16:03 from [ESTAT]
A2: Dataset: | B2: International trade of EU and non-EU countries since 2002 by CPA 2.2 [ds-059366__custom_22763107]
A3: Last updated: | B3: 14/08/2026 11:00
A5: PARTNER | C5: Intra-EU
A6: PRODUCT | C6: Other special-purpose machinery n.e.c.
A7: FLOW | C7: EXPORT
A8: INDICATORS | C8: VALUE_EUR
A10: TIME | B10: 2002 | C10: 2003 | D10: 2004 | E10: 2005 | F10: 2006 | G10: 2007 | H10: 2008 | I10: 2009 | J10: 2010 | K10: 2011 | L10: 2012 | M10: 2013 | N10: 2014 | O10: 2015 | P10: 2016 | Q10: 2017 | R10: 2018 | S10: 2019 | T10: 2020 | U10: 2021 | V10: 2022 | W10: 2023 | X10: 2024 | Y10: 2025
A11: FREQ (Labels) | B11: Annual | C11: Annual | D11: Annual | E11: Annual | F11: Annual | G11: Annual | H11: Annual | I11: Annual | J11: Annual | K11: Annual | L11: Annual | M11: Annual | N11: Annual | O11: Annual | P11: Annual | Q11: Annual | R11: Annual | S11: Annual | T11: Annual | U11: Annual | V11: Annual | W11: Annual | X11: Annual | Y11: Annual
A12: REPORTER (Labels)
A13: Netherlands | B13: 552614924 | C13: 618296990 | D13: 576355668 | E13: 703926407 | F13: 688923191 | G13: 1469663224 | H13: 1432158628 | I13: 1023027150 | J13: 1068969559 | K13: 1346855708 | L13: 965470841 | M13: 995316677 | N13: 982978848 | O13: 1059960853 | P13: 1366513995 | Q13: 1479678949 | R13: 1588887613 | S13: 1709885544 | T13: 1432532840 | U13: 1656100951 | V13: 2277676406 | W13: 3361420694 | X13: 2876774973 | Y13: 2245939265
A15: Special value
B16: not available

Sheet Sheet 24
A1: Data extracted on 12/09/2026 14:16:03 from [ESTAT]
A2: Dataset: | B2: International trade of EU and non-EU countries since 2002 by CPA 2.2 [ds-059366__custom_22763107]
A3: Last updated: | B3: 14/08/2026 11:00
A5: PARTNER | C5: Intra-EU
A6: PRODUCT | C6: Other special-purpose machinery n.e.c.
A7: FLOW | C7: EXPORT
A8: INDICATORS | C8: QUANTITY_KG
A10: TIME | B10: 2002 | C10: 2003 | D10: 2004 | E10: 2005 | F10: 2006 | G10: 2007 | H10: 2008 | I10: 2009 | J10: 2010 | K10: 2011 | L10: 2012 | M10: 2013 | N10: 2014 | O10: 2015 | P10: 2016 | Q10: 2017 | R10: 2018 | S10: 2019 | T10: 2020 | U10: 2021 | V10: 2022 | W10: 2023 | X10: 2024 | Y10: 2025
A11: FREQ (Labels) | B11: Annual | C11: Annual | D11: Annual | E11: Annual | F11: Annual | G11: Annual | H11: Annual | I11: Annual | J11: Annual | K11: Annual | L11: Annual | M11: Annual | N11: Annual | O11: Annual | P11: Annual | Q11: Annual | R11: Annual | S11: Annual | T11: Annual | U11: Annual | V11: Annual | W11: Annual | X11: Annual | Y11: Annual
A12: REPORTER (Labels)
A13: Netherlands | B13: 21468400 | C13: 24356300 | D13: 25712900 | E13: 28500500 | F13: 376222000 | G13: 1354365300 | H13: 50820500 | I13: 1122462600 | J13: 126696907 | K13: 9237049098 | L13: 35678630732 | M13: 8677843836 | N13: 7414312667 | O13: 1277640401 | P13: 349391955 | Q13: 2583496496 | R13: 136947988 | S13: 178180758 | T13: 237130854 | U13: 1022199712 | V13: 506352475 | W13: 129192953 | X13: 120573819 | Y13: 167262524
A15: Special value
B16: not available
